id;slug;title;description;body;created_at;updated_at
1;hurtful past;er;deselect yet;for miserably;2023-12-21T20:25:53;2023-12-21T18:44:10
2;bah;misty besides;test;whereas cot;2023-12-21T17:42:28;2023-12-21T16:57:08
3;punctually;quicker toddle tranquilize;ah bah;wrap;2023-12-21T20:46:02;2023-12-22T07:25:32
4;but acclaimed;careless unique;kooky meh intently;basic apud supervisor;2023-12-22T11:31:12;2023-12-21T18:29:34
5;yahoo;fellow phew;zap;fictionalise modulo badly;2023-12-22T07:46:22;2023-12-22T05:29:29
6;offensive;harsh frequent;patiently where;crossly;2023-12-22T05:24:57;2023-12-22T08:59:15
7;naturally loosely although;though and unless;gloomy gee turmeric;barring;2023-12-21T15:47:41;2023-12-22T01:30:28
8;oof curiously;pushy supposing use;drown good atop;reinvigorate justly;2023-12-21T14:45:43;2023-12-22T06:41:41
9;onto thankful consequently;dimly tomorrow outside;gee solicit valiantly;incense into nation;2023-12-22T07:13:59;2023-12-21T22:42:39
10;scope;fantastic gadzooks oof;traumatic;fortunately meek;2023-12-21T15:59:02;2023-12-21T22:41:57
